<?xml version="1.0" encoding="UTF-8"?>
<MissionPackageManifest version="2">
   <Configuration>
      <Parameter name="name" value="Data Package 2025-06-13"/>
      <Parameter name="uid" value="20250613163331"/>
   </Configuration>
   <Contents>
      <Content ignore="false" zipEntry="map-items/91489a91-1ae1-4844-95c1-11a49a7c130b/91489a91-1ae1-4844-95c1-11a49a7c130b.cot">
         <Parameter name="uid" value="91489a91-1ae1-4844-95c1-11a49a7c130b"/>
         <Parameter name="name" value="contact callsign='Huvez'/>"/>
      </Content>
      <Content ignore="false" zipEntry="map-items/88b59b5d-d815-46fc-9b4c-ba6bceebdd83/88b59b5d-d815-46fc-9b4c-ba6bceebdd83.cot">
         <Parameter name="uid" value="88b59b5d-d815-46fc-9b4c-ba6bceebdd83"/>
         <Parameter name="name" value="contact callsign='JSOA COBRA'/>"/>
      </Content>
      <Content ignore="false" zipEntry="map-items/6b870d49-a8de-44aa-bded-ce3a774c8546/6b870d49-a8de-44aa-bded-ce3a774c8546.cot">
         <Parameter name="uid" value="6b870d49-a8de-44aa-bded-ce3a774c8546"/>
         <Parameter name="name" value="contact callsign='Chalaku'/>"/>
      </Content>
      <Content ignore="false" zipEntry="map-items/c6dfde45-74fb-4c0c-b4c8-ade326bd1813/c6dfde45-74fb-4c0c-b4c8-ade326bd1813.cot">
         <Parameter name="uid" value="c6dfde45-74fb-4c0c-b4c8-ade326bd1813"/>
         <Parameter name="name" value="contact callsign='Zayeb'/>"/>
      </Content>
      <Content ignore="false" zipEntry="map-items/9d19c128-8078-446c-b5ec-299408fce5b3/9d19c128-8078-446c-b5ec-299408fce5b3.cot">
         <Parameter name="uid" value="9d19c128-8078-446c-b5ec-299408fce5b3"/>
         <Parameter name="name" value="contact callsign='Fuldez'/>"/>
      </Content>
      <Content ignore="false" zipEntry="map-items/13e09a12-4619-4a17-bef8-6f03b6faeb64/13e09a12-4619-4a17-bef8-6f03b6faeb64.cot">
         <Parameter name="uid" value="13e09a12-4619-4a17-bef8-6f03b6faeb64"/>
         <Parameter name="name" value="contact callsign='Sadajan'/>"/>
      </Content>
      <Content ignore="false" zipEntry="map-items/d80b0708-97ee-453e-beaf-4087a0072865/d80b0708-97ee-453e-beaf-4087a0072865.cot">
         <Parameter name="uid" value="d80b0708-97ee-453e-beaf-4087a0072865"/>
         <Parameter name="name" value="contact callsign='Reyalem'/>"/>
      </Content>
      <Content ignore="false" zipEntry="map-items/1105b543-32a0-4444-8939-95b63e445da9/1105b543-32a0-4444-8939-95b63e445da9.cot">
         <Parameter name="uid" value="1105b543-32a0-4444-8939-95b63e445da9"/>
         <Parameter name="name" value="contact callsign='JSOA BOA'/>"/>
      </Content>
      <Content ignore="false" zipEntry="map-items/be713e9c-280b-4300-b675-a6061bd0ee50/be713e9c-280b-4300-b675-a6061bd0ee50.cot">
         <Parameter name="uid" value="be713e9c-280b-4300-b675-a6061bd0ee50"/>
         <Parameter name="name" value="contact callsign='Ujen'/>"/>
      </Content>
      <Content ignore="false" zipEntry="map-items/bd3f4a1d-89a3-402c-8cbb-b69f5b6b5cc8/bd3f4a1d-89a3-402c-8cbb-b69f5b6b5cc8.cot">
         <Parameter name="uid" value="bd3f4a1d-89a3-402c-8cbb-b69f5b6b5cc8"/>
         <Parameter name="name" value="contact callsign='Razish'/>"/>
      </Content>
      <Content ignore="false" zipEntry="map-items/b50e7b19-491b-463b-8e78-124de004dfe9/b50e7b19-491b-463b-8e78-124de004dfe9.cot">
         <Parameter name="uid" value="b50e7b19-491b-463b-8e78-124de004dfe9"/>
         <Parameter name="name" value="contact callsign='Bisyardam'/>"/>
      </Content>
      <Content ignore="false" zipEntry="map-items/8dec7b96-a51b-450b-b365-4e5676963895/8dec7b96-a51b-450b-b365-4e5676963895.cot">
         <Parameter name="uid" value="8dec7b96-a51b-450b-b365-4e5676963895"/>
         <Parameter name="name" value="contact callsign='JSOA VIPER'/>"/>
      </Content>
      <Content ignore="false" zipEntry="map-items/92b0f393-bb00-49a1-ae2e-10ed277c2f5f/92b0f393-bb00-49a1-ae2e-10ed277c2f5f.cot">
         <Parameter name="uid" value="92b0f393-bb00-49a1-ae2e-10ed277c2f5f"/>
         <Parameter name="name" value="contact callsign='Kuhnjab'/>"/>
      </Content>
      <Content ignore="false" zipEntry="map-items/235eb8c9-fb08-4df7-baae-f6602c8926e2/235eb8c9-fb08-4df7-baae-f6602c8926e2.cot">
         <Parameter name="uid" value="235eb8c9-fb08-4df7-baae-f6602c8926e2"/>
         <Parameter name="name" value="contact callsign='Barasu'/>"/>
      </Content>
      <Content ignore="false" zipEntry="map-items/d88c08b8-2740-4be3-bedf-78b1dd2d3b26/d88c08b8-2740-4be3-bedf-78b1dd2d3b26.cot">
         <Parameter name="uid" value="d88c08b8-2740-4be3-bedf-78b1dd2d3b26"/>
         <Parameter name="name" value="contact callsign='Nabran'/>"/>
      </Content>
      <Content ignore="false" zipEntry="map-items/99166235-cdc1-478b-8891-50eb3ec4a8e3/99166235-cdc1-478b-8891-50eb3ec4a8e3.cot">
         <Parameter name="uid" value="99166235-cdc1-478b-8891-50eb3ec4a8e3"/>
         <Parameter name="name" value="contact callsign='Dakan'/>"/>
      </Content>
      <Content ignore="false" zipEntry="map-items/b232df9a-7d49-4322-86b5-c7159927a61f/b232df9a-7d49-4322-86b5-c7159927a61f.cot">
         <Parameter name="uid" value="b232df9a-7d49-4322-86b5-c7159927a61f"/>
         <Parameter name="name" value="contact callsign='Hevroq'/>"/>
      </Content>
      <Content ignore="false" zipEntry="map-items/9f8e00b0-af26-422f-ba3e-e758371f14d3/9f8e00b0-af26-422f-ba3e-e758371f14d3.cot">
         <Parameter name="uid" value="9f8e00b0-af26-422f-ba3e-e758371f14d3"/>
         <Parameter name="name" value="contact callsign='Nur'/>"/>
      </Content>
      <Content ignore="false" zipEntry="map-items/34a4fa1e-3135-47e6-9fdf-4ac7b44a09db/34a4fa1e-3135-47e6-9fdf-4ac7b44a09db.cot">
         <Parameter name="uid" value="34a4fa1e-3135-47e6-9fdf-4ac7b44a09db"/>
         <Parameter name="name" value="contact callsign='Dezashah'/>"/>
      </Content>
      <Content ignore="false" zipEntry="map-items/59410a21-8ec5-4d64-8527-af9d7b665eff/59410a21-8ec5-4d64-8527-af9d7b665eff.cot">
         <Parameter name="uid" value="59410a21-8ec5-4d64-8527-af9d7b665eff"/>
         <Parameter name="name" value="contact callsign='Guba'/>"/>
      </Content>
      <Content ignore="false" zipEntry="map-items/bd91e5c3-3f1a-45d0-8625-644329c337ac/bd91e5c3-3f1a-45d0-8625-644329c337ac.cot">
         <Parameter name="uid" value="bd91e5c3-3f1a-45d0-8625-644329c337ac"/>
         <Parameter name="name" value="contact callsign='JSOA ANACONDA'/>"/>
      </Content>
   </Contents>
</MissionPackageManifest>
